{
  "session_start_time": 1750015511.6644723,
  "hands_played_count": 4,
  "total_decisions": 8,
  "final_bankroll": 100.34,
  "session_profit": 0.3400000000000034,
  "statistics": {
    "session_duration_minutes": 1.8819764574368796,
    "hands_played": 4,
    "starting_bankroll": 100.0,
    "current_bankroll": 100.34,
    "peak_bankroll": 100.34,
    "valley_bankroll": 100.0,
    "total_profit": 0.3400000000000034,
    "net_profit": 0.3400000000000034,
    "roi_percentage": 0.3400000000000034,
    "win_rate": 100.0,
    "hands_per_hour": 127.52550599217551,
    "bb_per_hour": 541.9833169288737,
    "vpip": 100.0,
    "pfr": 0.0,
    "aggression_factor": 0.0,
    "decision_breakdown": {
      "call": 8
    },
    "recent_trend": "insufficient_data"
  },
  "timestamp": "2025-06-15T21:27:04.583177"
}